ORIGEM,DESTINO,NECESSIDADE
TAGUATINGA,TAGUATINGA,CRECHE
TAGUATINGA,TAGUATINGA,CONSERVAÇÃO E MANUTENÇÃO DE VIAS PÚBLICAS
TAGUATINGA,TAGUATINGA,SINALIZAÇÃO URBANA (PLACAS e ETC)
TAGUATINGA,TAGUATINGA,TRANSPORTE PÚBLICO
SAMAMBAIA,TAGUATINGA,EDUCAÇÃO
SAMAMBAIA,TAGUATINGA,SAÚDE
SAMAMBAIA,TAGUATINGA,SEGURANÇA
TAGUATINGA,TAGUATINGA,EDUCAÇÃO
TAGUATINGA,TAGUATINGA,ACESSIBILIDADE
TAGUATINGA,TAGUATINGA,LIMPEZA URBANA
TAGUATINGA,TAGUATINGA,SINALIZAÇÃO URBANA (PLACAS e ETC)
TAGUATINGA,TAGUATINGA,SAÚDE
TAGUATINGA,TAGUATINGA,SEGURANÇA
TAGUATINGA,TAGUATINGA,SAÚDE
TAGUATINGA,TAGUATINGA,EDUCAÇÃO
TAGUATINGA,TAGUATINGA,CRECHE
TAGUATINGA,TAGUATINGA,TRANSPORTE PÚBLICO
TAGUATINGA,TAGUATINGA,SAÚDE
TAGUATINGA,TAGUATINGA,SEGURANÇA
TAGUATINGA,TAGUATINGA,SAÚDE
TAGUATINGA,TAGUATINGA,OUTROS
TAGUATINGA,TAGUATINGA,EDUCAÇÃO
TAGUATINGA,TAGUATINGA,LIMPEZA URBANA
TAGUATINGA,TAGUATINGA,SEGURANÇA
TAGUATINGA,TAGUATINGA,CRECHE
TAGUATINGA,TAGUATINGA,CONSERVAÇÃO E MANUTENÇÃO DE VIAS PÚBLICAS
TAGUATINGA,TAGUATINGA,LIMPEZA URBANA
TAGUATINGA,TAGUATINGA,SEGURANÇA
SAMAMBAIA,TAGUATINGA,SAÚDE
TAGUATINGA,TAGUATINGA,TRANSPORTE PÚBLICO
TAGUATINGA,TAGUATINGA,SAÚDE
TAGUATINGA,SEM REGISTRO,EDUCAÇÃO
TAGUATINGA,SEM REGISTRO,ACESSIBILIDADE
TAGUATINGA,SEM REGISTRO,ILUMINAÇÃO PÚBLICA
TAGUATINGA,SEM REGISTRO,SINALIZAÇÃO URBANA (PLACAS e ETC)
TAGUATINGA,SEM REGISTRO,TRANSPORTE PÚBLICO
TAGUATINGA,SEM REGISTRO,SAÚDE
TAGUATINGA,SEM REGISTRO,SEGURANÇA
SAMAMBAIA,TAGUATINGA,ACESSIBILIDADE
SAMAMBAIA,TAGUATINGA,CONSERVAÇÃO E MANUTENÇÃO DE VIAS PÚBLICAS
SAMAMBAIA,TAGUATINGA,SAÚDE
SAMAMBAIA,TAGUATINGA,SEGURANÇA
TAGUATINGA,TAGUATINGA,SAÚDE
TAGUATINGA,TAGUATINGA,SEGURANÇA
CEILÂNDIA,TAGUATINGA,EDUCAÇÃO
CEILÂNDIA,TAGUATINGA,CONSERVAÇÃO E MANUTENÇÃO DE VIAS PÚBLICAS
CEILÂNDIA,TAGUATINGA,TRANSPORTE PÚBLICO
CEILÂNDIA,TAGUATINGA,SAÚDE
CEILÂNDIA,TAGUATINGA,SEGURANÇA
TAGUATINGA,TAGUATINGA,ILUMINAÇÃO PÚBLICA
TAGUATINGA,TAGUATINGA,SAÚDE
TAGUATINGA,TAGUATINGA,SEGURANÇA
TAGUATINGA,TAGUATINGA,EDUCAÇÃO
TAGUATINGA,TAGUATINGA,ACESSIBILIDADE
TAGUATINGA,TAGUATINGA,CONSERVAÇÃO E MANUTENÇÃO DE VIAS PÚBLICAS
TAGUATINGA,TAGUATINGA,ILUMINAÇÃO PÚBLICA
TAGUATINGA,TAGUATINGA,SINALIZAÇÃO URBANA (PLACAS e ETC)
TAGUATINGA,TAGUATINGA,SAÚDE
TAGUATINGA,TAGUATINGA,SEGURANÇA
TAGUATINGA,TAGUATINGA,SINALIZAÇÃO URBANA (PLACAS e ETC)
TAGUATINGA,TAGUATINGA,TRANSPORTE PÚBLICO
TAGUATINGA,TAGUATINGA,SAÚDE
TAGUATINGA,TAGUATINGA,SEGURANÇA
ÁGUAS LINDAS,TAGUATINGA,SAÚDE
TAGUATINGA,TAGUATINGA,ACESSIBILIDADE
TAGUATINGA,TAGUATINGA,CONSERVAÇÃO E MANUTENÇÃO DE VIAS PÚBLICAS
TAGUATINGA,TAGUATINGA,ILUMINAÇÃO PÚBLICA
TAGUATINGA,TAGUATINGA,LIMPEZA URBANA
TAGUATINGA,TAGUATINGA,TRANSPORTE PÚBLICO
TAGUATINGA,TAGUATINGA,SAÚDE
TAGUATINGA,TAGUATINGA,SEGURANÇA
TAGUATINGA,TAGUATINGA,SAÚDE
TAGUATINGA,TAGUATINGA,SEGURANÇA
PARK WAY,TAGUATINGA,TRANSPORTE PÚBLICO
PARK WAY,TAGUATINGA,OUTROS
PARK WAY,TAGUATINGA,OUTROS
PARK WAY,TAGUATINGA,OUTROS
CEILÂNDIA,TAGUATINGA,SEGURANÇA
CEILÂNDIA,TAGUATINGA,OUTROS
CEILÂNDIA,TAGUATINGA,OUTROS
ESTRUTURAL,TAGUATINGA,CONSERVAÇÃO E MANUTENÇÃO DE VIAS PÚBLICAS
ESTRUTURAL,TAGUATINGA,ILUMINAÇÃO PÚBLICA
ESTRUTURAL,TAGUATINGA,SEGURANÇA
ESTRUTURAL,TAGUATINGA,OUTROS
ESTRUTURAL,TAGUATINGA,OUTROS
TAGUATINGA,TAGUATINGA,CRECHE
TAGUATINGA,TAGUATINGA,SINALIZAÇÃO URBANA (PLACAS e ETC)
TAGUATINGA,TAGUATINGA,TRANSPORTE PÚBLICO
TAGUATINGA,TAGUATINGA,SAÚDE
ÁGUAS CLARAS,TAGUATINGA,LIMPEZA URBANA
ÁGUAS CLARAS,TAGUATINGA,SEGURANÇA
ÁGUAS CLARAS,TAGUATINGA,OUTROS
ÁGUAS CLARAS,TAGUATINGA,OUTROS
M. NORTE,TAGUATINGA,ILUMINAÇÃO PÚBLICA
M. NORTE,TAGUATINGA,LIMPEZA URBANA
M. NORTE,TAGUATINGA,SEGURANÇA
TAGUATINGA,TAGUATINGA,OUTROS
TAGUATINGA,TAGUATINGA,OUTROS
TAGUATINGA,TAGUATINGA,SEGURANÇA
TAGUATINGA,TAGUATINGA,EDUCAÇÃO
TAGUATINGA,TAGUATINGA,SAÚDE
TAGUATINGA,TAGUATINGA,SEGURANÇA
TAGUATINGA,TAGUATINGA,EDUCAÇÃO
TAGUATINGA,TAGUATINGA,ILUMINAÇÃO PÚBLICA
TAGUATINGA,TAGUATINGA,SAÚDE
TAGUATINGA,TAGUATINGA,SEGURANÇA
TAGUATINGA,TAGUATINGA,OUTROS
TAGUATINGA,TAGUATINGA,SINALIZAÇÃO URBANA (PLACAS e ETC)
TAGUATINGA,TAGUATINGA,TRANSPORTE PÚBLICO
TAGUATINGA,TAGUATINGA,SEGURANÇA
TAGUATINGA,TAGUATINGA,SEGURANÇA
SAMAMBAIA,TAGUATINGA,SAÚDE
TAGUATINGA,TAGUATINGA,OUTROS
TAGUATINGA,TAGUATINGA,OUTROS
TAGUATINGA,TAGUATINGA,ACESSIBILIDADE
TAGUATINGA,TAGUATINGA,SAÚDE
TAGUATINGA,TAGUATINGA,SEGURANÇA
CEILÂNDIA,TAGUATINGA,CONSERVAÇÃO E MANUTENÇÃO DE VIAS PÚBLICAS
CEILÂNDIA,TAGUATINGA,SEGURANÇA
CEILÂNDIA,TAGUATINGA,OUTROS
TAGUATINGA,TAGUATINGA,EDUCAÇÃO
TAGUATINGA,TAGUATINGA,CRECHE
TAGUATINGA,TAGUATINGA,ACESSIBILIDADE
TAGUATINGA,TAGUATINGA,CONSERVAÇÃO E MANUTENÇÃO DE VIAS PÚBLICAS
TAGUATINGA,TAGUATINGA,ILUMINAÇÃO PÚBLICA
TAGUATINGA,TAGUATINGA,LIMPEZA URBANA
TAGUATINGA,TAGUATINGA,SINALIZAÇÃO URBANA (PLACAS e ETC)
TAGUATINGA,TAGUATINGA,TRANSPORTE PÚBLICO
TAGUATINGA,TAGUATINGA,SAÚDE
TAGUATINGA,TAGUATINGA,SEGURANÇA
TAGUATINGA,TAGUATINGA,OUTROS
TAGUATINGA,TAGUATINGA,OUTROS
TAGUATINGA,TAGUATINGA,OUTROS
TAGUATINGA,TAGUATINGA,ACESSIBILIDADE
TAGUATINGA,TAGUATINGA,LIMPEZA URBANA
TAGUATINGA,TAGUATINGA,SAÚDE
TAGUATINGA,TAGUATINGA,SEGURANÇA
SANTO ANTÔNIO DO DESCOBERTO,TAGUATINGA,EDUCAÇÃO
SANTO ANTÔNIO DO DESCOBERTO,TAGUATINGA,CRECHE
SANTO ANTÔNIO DO DESCOBERTO,TAGUATINGA,ACESSIBILIDADE
SANTO ANTÔNIO DO DESCOBERTO,TAGUATINGA,CONSERVAÇÃO E MANUTENÇÃO DE VIAS PÚBLICAS
SANTO ANTÔNIO DO DESCOBERTO,TAGUATINGA,ILUMINAÇÃO PÚBLICA
SANTO ANTÔNIO DO DESCOBERTO,TAGUATINGA,LIMPEZA URBANA
SANTO ANTÔNIO DO DESCOBERTO,TAGUATINGA,SINALIZAÇÃO URBANA (PLACAS e ETC)
SANTO ANTÔNIO DO DESCOBERTO,TAGUATINGA,TRANSPORTE PÚBLICO
SANTO ANTÔNIO DO DESCOBERTO,TAGUATINGA,SAÚDE
SANTO ANTÔNIO DO DESCOBERTO,TAGUATINGA,SEGURANÇA
TAGUATINGA,TAGUATINGA,CONSERVAÇÃO E MANUTENÇÃO DE VIAS PÚBLICAS
TAGUATINGA,TAGUATINGA,LIMPEZA URBANA
TAGUATINGA,TAGUATINGA,SAÚDE
M. NORTE,TAGUATINGA,OUTROS
M. NORTE,TAGUATINGA,OUTROS
TAGUATINGA,TAGUATINGA,ACESSIBILIDADE
TAGUATINGA,TAGUATINGA,OUTROS
TAGUATINGA,TAGUATINGA,OUTROS
TAGUATINGA,TAGUATINGA,EDUCAÇÃO
TAGUATINGA,TAGUATINGA,ACESSIBILIDADE
TAGUATINGA,TAGUATINGA,CONSERVAÇÃO E MANUTENÇÃO DE VIAS PÚBLICAS
TAGUATINGA,TAGUATINGA,SAÚDE
TAGUATINGA,TAGUATINGA,SEGURANÇA
TAGUATINGA,TAGUATINGA,EDUCAÇÃO
TAGUATINGA,TAGUATINGA,SAÚDE
TAGUATINGA,TAGUATINGA,SEGURANÇA
TAGUATINGA,TAGUATINGA,EDUCAÇÃO
TAGUATINGA,TAGUATINGA,TRANSPORTE PÚBLICO
TAGUATINGA,TAGUATINGA,SAÚDE
TAGUATINGA,TAGUATINGA,SEGURANÇA
26 DE SETEMBRO,TAGUATINGA,EDUCAÇÃO
26 DE SETEMBRO,TAGUATINGA,CRECHE
26 DE SETEMBRO,TAGUATINGA,ACESSIBILIDADE
26 DE SETEMBRO,TAGUATINGA,CONSERVAÇÃO E MANUTENÇÃO DE VIAS PÚBLICAS
26 DE SETEMBRO,TAGUATINGA,ILUMINAÇÃO PÚBLICA
26 DE SETEMBRO,TAGUATINGA,LIMPEZA URBANA
26 DE SETEMBRO,TAGUATINGA,SINALIZAÇÃO URBANA (PLACAS e ETC)
26 DE SETEMBRO,TAGUATINGA,TRANSPORTE PÚBLICO
26 DE SETEMBRO,TAGUATINGA,SAÚDE
26 DE SETEMBRO,TAGUATINGA,SEGURANÇA
TAGUATINGA,TAGUATINGA,SAÚDE
TAGUATINGA,TAGUATINGA,SEGURANÇA
SOL NASCENTE,TAGUATINGA,EDUCAÇÃO
SOL NASCENTE,TAGUATINGA,CRECHE
SOL NASCENTE,TAGUATINGA,CONSERVAÇÃO E MANUTENÇÃO DE VIAS PÚBLICAS
SOL NASCENTE,TAGUATINGA,ILUMINAÇÃO PÚBLICA
SOL NASCENTE,TAGUATINGA,LIMPEZA URBANA
SOL NASCENTE,TAGUATINGA,TRANSPORTE PÚBLICO
SOL NASCENTE,TAGUATINGA,SAÚDE
SOL NASCENTE,TAGUATINGA,SEGURANÇA
TAGUATINGA,TAGUATINGA,EDUCAÇÃO
TAGUATINGA,TAGUATINGA,TRANSPORTE PÚBLICO
TAGUATINGA,TAGUATINGA,SAÚDE
CEILÂNDIA,TAGUATINGA,EDUCAÇÃO
CEILÂNDIA,TAGUATINGA,CONSERVAÇÃO E MANUTENÇÃO DE VIAS PÚBLICAS
CEILÂNDIA,TAGUATINGA,SINALIZAÇÃO URBANA (PLACAS e ETC)
CEILÂNDIA,TAGUATINGA,SAÚDE
CEILÂNDIA,TAGUATINGA,SEGURANÇA
BRAZLÂNDIA,TAGUATINGA,ACESSIBILIDADE
BRAZLÂNDIA,TAGUATINGA,CONSERVAÇÃO E MANUTENÇÃO DE VIAS PÚBLICAS
BRAZLÂNDIA,TAGUATINGA,ILUMINAÇÃO PÚBLICA
BRAZLÂNDIA,TAGUATINGA,LIMPEZA URBANA
BRAZLÂNDIA,TAGUATINGA,TRANSPORTE PÚBLICO
BRAZLÂNDIA,TAGUATINGA,SEGURANÇA
SETOR,TAGUATINGA,CRECHE
SETOR,TAGUATINGA,SEGURANÇA
26 DE SETEMBRO,TAGUATINGA,EDUCAÇÃO
26 DE SETEMBRO,TAGUATINGA,CRECHE
26 DE SETEMBRO,TAGUATINGA,ACESSIBILIDADE
26 DE SETEMBRO,TAGUATINGA,CONSERVAÇÃO E MANUTENÇÃO DE VIAS PÚBLICAS
26 DE SETEMBRO,TAGUATINGA,ILUMINAÇÃO PÚBLICA
26 DE SETEMBRO,TAGUATINGA,LIMPEZA URBANA
26 DE SETEMBRO,TAGUATINGA,SINALIZAÇÃO URBANA (PLACAS e ETC)
26 DE SETEMBRO,TAGUATINGA,TRANSPORTE PÚBLICO
26 DE SETEMBRO,TAGUATINGA,SAÚDE
26 DE SETEMBRO,TAGUATINGA,SEGURANÇA
TAGUATINGA,TAGUATINGA,ACESSIBILIDADE
TAGUATINGA,TAGUATINGA,SAÚDE
TAGUATINGA,TAGUATINGA,SEGURANÇA
CEILÂNDIA,TAGUATINGA,ILUMINAÇÃO PÚBLICA
CEILÂNDIA,TAGUATINGA,SAÚDE
CEILÂNDIA,TAGUATINGA,SEGURANÇA
TAGUATINGA,TAGUATINGA,EDUCAÇÃO
TAGUATINGA,TAGUATINGA,CRECHE
TAGUATINGA,TAGUATINGA,SEGURANÇA
SAMAMBAIA,TAGUATINGA,ILUMINAÇÃO PÚBLICA
SAMAMBAIA,TAGUATINGA,LIMPEZA URBANA
SAMAMBAIA,TAGUATINGA,SAÚDE
TAGUATINGA,TAGUATINGA,TRANSPORTE PÚBLICO
TAGUATINGA,TAGUATINGA,SAÚDE
TAGUATINGA,TAGUATINGA,SEGURANÇA
SAMAMBAIA,TAGUATINGA,SAÚDE
SAMAMBAIA,TAGUATINGA,CRECHE
SAMAMBAIA,TAGUATINGA,TRANSPORTE PÚBLICO
SAMAMBAIA,TAGUATINGA,SAÚDE
SAMAMBAIA,TAGUATINGA,SEGURANÇA
CEILÂNDIA,TAGUATINGA,TRANSPORTE PÚBLICO
CEILÂNDIA,TAGUATINGA,SEGURANÇA
CEILÂNDIA,TAGUATINGA,OUTROS
TAGUATINGA,TAGUATINGA,TRANSPORTE PÚBLICO
TAGUATINGA,TAGUATINGA,SAÚDE
TAGUATINGA,TAGUATINGA,SEGURANÇA
SAMAMBAIA,TAGUATINGA,CRECHE
TAGUATINGA,TAGUATINGA,EDUCAÇÃO
TAGUATINGA,TAGUATINGA,CRECHE
TAGUATINGA,TAGUATINGA,ACESSIBILIDADE
TAGUATINGA,TAGUATINGA,CONSERVAÇÃO E MANUTENÇÃO DE VIAS PÚBLICAS
TAGUATINGA,TAGUATINGA,ILUMINAÇÃO PÚBLICA
TAGUATINGA,TAGUATINGA,SINALIZAÇÃO URBANA (PLACAS e ETC)
TAGUATINGA,TAGUATINGA,TRANSPORTE PÚBLICO
CEILÂNDIA,TAGUATINGA,ACESSIBILIDADE
CEILÂNDIA,TAGUATINGA,CONSERVAÇÃO E MANUTENÇÃO DE VIAS PÚBLICAS
CEILÂNDIA,TAGUATINGA,SEGURANÇA
CEILÂNDIA,TAGUATINGA,CONSERVAÇÃO E MANUTENÇÃO DE VIAS PÚBLICAS
CEILÂNDIA,TAGUATINGA,SEGURANÇA
CEILÂNDIA,TAGUATINGA,OUTROS
TAGUATINGA,TAGUATINGA,ACESSIBILIDADE
TAGUATINGA,TAGUATINGA,CONSERVAÇÃO E MANUTENÇÃO DE VIAS PÚBLICAS
TAGUATINGA,TAGUATINGA,ILUMINAÇÃO PÚBLICA
TAGUATINGA,TAGUATINGA,TRANSPORTE PÚBLICO
CEILÂNDIA,TAGUATINGA,ACESSIBILIDADE
CEILÂNDIA,TAGUATINGA,ILUMINAÇÃO PÚBLICA
CEILÂNDIA,TAGUATINGA,SEGURANÇA
TAGUATINGA,TAGUATINGA,EDUCAÇÃO
TAGUATINGA,TAGUATINGA,SEGURANÇA
TAGUATINGA,TAGUATINGA,OUTROS
TAGUATINGA,TAGUATINGA,ACESSIBILIDADE
TAGUATINGA,TAGUATINGA,ILUMINAÇÃO PÚBLICA
TAGUATINGA,TAGUATINGA,SINALIZAÇÃO URBANA (PLACAS e ETC)
TAGUATINGA,TAGUATINGA,TRANSPORTE PÚBLICO
TAGUATINGA,TAGUATINGA,SEGURANÇA
M. NORTE,TAGUATINGA,ILUMINAÇÃO PÚBLICA
M. NORTE,TAGUATINGA,SEGURANÇA
M. NORTE,TAGUATINGA,OUTROS
GAMA,TAGUATINGA,ACESSIBILIDADE
GAMA,TAGUATINGA,CONSERVAÇÃO E MANUTENÇÃO DE VIAS PÚBLICAS
GAMA,TAGUATINGA,SEGURANÇA
GAMA,TAGUATINGA,OUTROS
TAGUATINGA,TAGUATINGA,SAÚDE
TAGUATINGA,TAGUATINGA,EDUCAÇÃO
TAGUATINGA,TAGUATINGA,ACESSIBILIDADE
TAGUATINGA,TAGUATINGA,SEGURANÇA
ÁGUAS LINDAS,TAGUATINGA,CONSERVAÇÃO E MANUTENÇÃO DE VIAS PÚBLICAS
ÁGUAS LINDAS,TAGUATINGA,ACESSIBILIDADE
ÁGUAS LINDAS,TAGUATINGA,SEGURANÇA
ÁGUAS LINDAS,TAGUATINGA,OUTROS
RIACHO FUNDO,TAGUATINGA,OUTROS
RIACHO FUNDO,TAGUATINGA,OUTROS
SETOR O,TAGUATINGA,ACESSIBILIDADE
SETOR O,TAGUATINGA,ILUMINAÇÃO PÚBLICA
SETOR O,TAGUATINGA,OUTROS
ESTRUTURAL,TAGUATINGA,CONSERVAÇÃO E MANUTENÇÃO DE VIAS PÚBLICAS
ESTRUTURAL,TAGUATINGA,ILUMINAÇÃO PÚBLICA
ESTRUTURAL,TAGUATINGA,SEGURANÇA
ESTRUTURAL,TAGUATINGA,OUTROS
ESTRUTURAL,TAGUATINGA,CONSERVAÇÃO E MANUTENÇÃO DE VIAS PÚBLICAS
ESTRUTURAL,TAGUATINGA,SEGURANÇA
ESTRUTURAL,TAGUATINGA,OUTROS
RECANTO DAS EMAS,TAGUATINGA,LIMPEZA URBANA
RECANTO DAS EMAS,TAGUATINGA,SEGURANÇA
RECANTO DAS EMAS,TAGUATINGA,OUTROS
RECANTO DAS EMAS,TAGUATINGA,OUTROS
TAGUATINGA,TAGUATINGA,ILUMINAÇÃO PÚBLICA
TAGUATINGA,TAGUATINGA,SEGURANÇA
CEILÂNDIA,TAGUATINGA,ACESSIBILIDADE
CEILÂNDIA,TAGUATINGA,OUTROS
ESTRUTURAL,TAGUATINGA,CONSERVAÇÃO E MANUTENÇÃO DE VIAS PÚBLICAS
ESTRUTURAL,TAGUATINGA,SEGURANÇA
VECENTE PIRES,VICENTE PIRES,CONSERVAÇÃO E MANUTENÇÃO DE VIAS PÚBLICAS
VECENTE PIRES,VICENTE PIRES,TRANSPORTE PÚBLICO
VECENTE PIRES,VICENTE PIRES,SAÚDE
VECENTE PIRES,VICENTE PIRES,TRANSPORTE PÚBLICO
VECENTE PIRES,VICENTE PIRES,SAÚDE
VECENTE PIRES,VICENTE PIRES,SEGURANÇA
VECENTE PIRES,VICENTE PIRES,EDUCAÇÃO
VECENTE PIRES,VICENTE PIRES,SEGURANÇA
VECENTE PIRES,VICENTE PIRES,OUTROS
VECENTE PIRES,VICENTE PIRES,EDUCAÇÃO
VECENTE PIRES,VICENTE PIRES,CRECHE
VECENTE PIRES,VICENTE PIRES,ACESSIBILIDADE
VECENTE PIRES,VICENTE PIRES,SINALIZAÇÃO URBANA (PLACAS e ETC)
VECENTE PIRES,VICENTE PIRES,SINALIZAÇÃO URBANA (PLACAS e ETC)
VECENTE PIRES,TAGUATINGA,OUTROS
VECENTE PIRES,VICENTE PIRES,SINALIZAÇÃO URBANA (PLACAS e ETC)
VECENTE PIRES,VICENTE PIRES,CONSERVAÇÃO E MANUTENÇÃO DE VIAS PÚBLICAS
VECENTE PIRES,VICENTE PIRES,ACESSIBILIDADE
VECENTE PIRES,VICENTE PIRES,OUTROS
VECENTE PIRES,VICENTE PIRES,OUTROS
VECENTE PIRES,VICENTE PIRES,OUTROS
VECENTE PIRES,VICENTE PIRES,EDUCAÇÃO
VECENTE PIRES,VICENTE PIRES,CRECHE
VECENTE PIRES,VICENTE PIRES,SAÚDE
SAMAMBAIA,VICENTE PIRES,EDUCAÇÃO
SAMAMBAIA,VICENTE PIRES,SAÚDE
SAMAMBAIA,VICENTE PIRES,SEGURANÇA
VECENTE PIRES,VICENTE PIRES,LIMPEZA URBANA
VECENTE PIRES,VICENTE PIRES,SAÚDE
VECENTE PIRES,VICENTE PIRES,SEGURANÇA
VECENTE PIRES,VICENTE PIRES,EDUCAÇÃO
VECENTE PIRES,VICENTE PIRES,CRECHE
VECENTE PIRES,VICENTE PIRES,LIMPEZA URBANA
VECENTE PIRES,VICENTE PIRES,SAÚDE
VECENTE PIRES,VICENTE PIRES,SEGURANÇA
VECENTE PIRES,VICENTE PIRES,OUTROS
VECENTE PIRES,VICENTE PIRES,EDUCAÇÃO
VECENTE PIRES,VICENTE PIRES,CRECHE
VECENTE PIRES,VICENTE PIRES,ACESSIBILIDADE
VECENTE PIRES,VICENTE PIRES,TRANSPORTE PÚBLICO
VECENTE PIRES,VICENTE PIRES,SAÚDE
AREAL,VICENTE PIRES,LIMPEZA URBANA
AREAL,VICENTE PIRES,OUTROS
ÁGUAS LINDAS,VICENTE PIRES,OUTROS
VECENTE PIRES,VICENTE PIRES,CRECHE
VECENTE PIRES,VICENTE PIRES,OUTROS
VECENTE PIRES,VICENTE PIRES,OUTROS
SAMAMBAIA,VICENTE PIRES,TRANSPORTE PÚBLICO
SAMAMBAIA,VICENTE PIRES,SAÚDE
VECENTE PIRES,VICENTE PIRES,EDUCAÇÃO
VECENTE PIRES,VICENTE PIRES,CRECHE
VECENTE PIRES,VICENTE PIRES,ACESSIBILIDADE
VECENTE PIRES,VICENTE PIRES,CONSERVAÇÃO E MANUTENÇÃO DE VIAS PÚBLICAS
VECENTE PIRES,VICENTE PIRES,ILUMINAÇÃO PÚBLICA
VECENTE PIRES,VICENTE PIRES,LIMPEZA URBANA
VECENTE PIRES,VICENTE PIRES,SINALIZAÇÃO URBANA (PLACAS e ETC)
VECENTE PIRES,VICENTE PIRES,TRANSPORTE PÚBLICO
VECENTE PIRES,VICENTE PIRES,SAÚDE
VECENTE PIRES,VICENTE PIRES,SEGURANÇA
VECENTE PIRES,VICENTE PIRES,CRECHE
VECENTE PIRES,VICENTE PIRES,ACESSIBILIDADE
VECENTE PIRES,VICENTE PIRES,CONSERVAÇÃO E MANUTENÇÃO DE VIAS PÚBLICAS
VECENTE PIRES,VICENTE PIRES,CONSERVAÇÃO E MANUTENÇÃO DE VIAS PÚBLICAS
VECENTE PIRES,VICENTE PIRES,ILUMINAÇÃO PÚBLICA
VECENTE PIRES,VICENTE PIRES,SINALIZAÇÃO URBANA (PLACAS e ETC)
VECENTE PIRES,VICENTE PIRES,SEGURANÇA
VICENTE PIRES,VICENTE PIRES,OUTROS
VECENTE PIRES,VICENTE PIRES,CONSERVAÇÃO E MANUTENÇÃO DE VIAS PÚBLICAS
VECENTE PIRES,VICENTE PIRES,SEGURANÇA
VECENTE PIRES,VICENTE PIRES,OUTROS
VECENTE PIRES,VICENTE PIRES,ACESSIBILIDADE
VECENTE PIRES,VICENTE PIRES,CONSERVAÇÃO E MANUTENÇÃO DE VIAS PÚBLICAS
VECENTE PIRES,VICENTE PIRES,OUTROS
VECENTE PIRES,VICENTE PIRES,EDUCAÇÃO
VECENTE PIRES,VICENTE PIRES,ILUMINAÇÃO PÚBLICA
VECENTE PIRES,VICENTE PIRES,SAÚDE
VECENTE PIRES,VICENTE PIRES,SEGURANÇA
VECENTE PIRES,VICENTE PIRES,EDUCAÇÃO
VECENTE PIRES,VICENTE PIRES,SEGURANÇA
VECENTE PIRES,VICENTE PIRES,EDUCAÇÃO
VECENTE PIRES,VICENTE PIRES,LIMPEZA URBANA
VECENTE PIRES,VICENTE PIRES,SINALIZAÇÃO URBANA (PLACAS e ETC)
VECENTE PIRES,VICENTE PIRES,TRANSPORTE PÚBLICO
VECENTE PIRES,VICENTE PIRES,SAÚDE
VECENTE PIRES,VICENTE PIRES,SEGURANÇA
VECENTE PIRES,VICENTE PIRES,ACESSIBILIDADE
VECENTE PIRES,VICENTE PIRES,CONSERVAÇÃO E MANUTENÇÃO DE VIAS PÚBLICAS
VECENTE PIRES,VICENTE PIRES,ILUMINAÇÃO PÚBLICA
VECENTE PIRES,VICENTE PIRES,LIMPEZA URBANA
VECENTE PIRES,VICENTE PIRES,SINALIZAÇÃO URBANA (PLACAS e ETC)
VECENTE PIRES,VICENTE PIRES,OUTROS
VECENTE PIRES,VICENTE PIRES,OUTROS
VECENTE PIRES,VICENTE PIRES,SAÚDE
VECENTE PIRES,VICENTE PIRES,SEGURANÇA
VECENTE PIRES,VICENTE PIRES,EDUCAÇÃO
VECENTE PIRES,VICENTE PIRES,SAÚDE
VECENTE PIRES,VICENTE PIRES,SEGURANÇA
VECENTE PIRES,VICENTE PIRES,EDUCAÇÃO
VECENTE PIRES,VICENTE PIRES,TRANSPORTE PÚBLICO
VECENTE PIRES,VICENTE PIRES,SAÚDE
VECENTE PIRES,VICENTE PIRES,SEGURANÇA
VECENTE PIRES,VICENTE PIRES,ACESSIBILIDADE
VECENTE PIRES,VICENTE PIRES,CONSERVAÇÃO E MANUTENÇÃO DE VIAS PÚBLICAS
VECENTE PIRES,VICENTE PIRES,ILUMINAÇÃO PÚBLICA
VECENTE PIRES,VICENTE PIRES,LIMPEZA URBANA
VECENTE PIRES,VICENTE PIRES,SINALIZAÇÃO URBANA (PLACAS e ETC)
VECENTE PIRES,VICENTE PIRES,OUTROS
VECENTE PIRES,VICENTE PIRES,EDUCAÇÃO
VECENTE PIRES,VICENTE PIRES,LIMPEZA URBANA
VECENTE PIRES,VICENTE PIRES,TRANSPORTE PÚBLICO
VECENTE PIRES,VICENTE PIRES,SAÚDE
VECENTE PIRES,VICENTE PIRES,SEGURANÇA
VECENTE PIRES,VICENTE PIRES,ACESSIBILIDADE
VECENTE PIRES,VICENTE PIRES,CONSERVAÇÃO E MANUTENÇÃO DE VIAS PÚBLICAS
VECENTE PIRES,VICENTE PIRES,SINALIZAÇÃO URBANA (PLACAS e ETC)
VECENTE PIRES,VICENTE PIRES,TRANSPORTE PÚBLICO
VECENTE PIRES,VICENTE PIRES,OUTROS
VECENTE PIRES,VICENTE PIRES,ACESSIBILIDADE
VECENTE PIRES,VICENTE PIRES,CONSERVAÇÃO E MANUTENÇÃO DE VIAS PÚBLICAS
VECENTE PIRES,VICENTE PIRES,ILUMINAÇÃO PÚBLICA
VECENTE PIRES,VICENTE PIRES,SINALIZAÇÃO URBANA (PLACAS e ETC)
VECENTE PIRES,VICENTE PIRES,OUTROS
VECENTE PIRES,VICENTE PIRES,OUTROS
VECENTE PIRES,VICENTE PIRES,OUTROS
VICENTE PIRES,VICENTE PIRES,SINALIZAÇÃO URBANA (PLACAS e ETC)
VICENTE PIRES,VICENTE PIRES,OUTROS
VICENTE PIRES,VICENTE PIRES,OUTROS
VECENTE PIRES,VICENTE PIRES,ACESSIBILIDADE
VECENTE PIRES,VICENTE PIRES,CONSERVAÇÃO E MANUTENÇÃO DE VIAS PÚBLICAS
VECENTE PIRES,VICENTE PIRES,ILUMINAÇÃO PÚBLICA
VECENTE PIRES,VICENTE PIRES,SINALIZAÇÃO URBANA (PLACAS e ETC)
VECENTE PIRES,VICENTE PIRES,OUTROS
VECENTE PIRES,VICENTE PIRES,OUTROS
VECENTE PIRES,VICENTE PIRES,OUTROS
VECENTE PIRES,VICENTE PIRES,TRANSPORTE PÚBLICO
VECENTE PIRES,VICENTE PIRES,SAÚDE
VECENTE PIRES,VICENTE PIRES,SEGURANÇA
VECENTE PIRES,VICENTE PIRES,OUTROS
VECENTE PIRES,VICENTE PIRES,OUTROS
ESTRUTURAL,VICENTE PIRES,ACESSIBILIDADE
ESTRUTURAL,VICENTE PIRES,TRANSPORTE PÚBLICO
VECENTE PIRES,VICENTE PIRES,TRANSPORTE PÚBLICO
VECENTE PIRES,VICENTE PIRES,SEGURANÇA
VECENTE PIRES,VICENTE PIRES,EDUCAÇÃO
VECENTE PIRES,VICENTE PIRES,CRECHE
VECENTE PIRES,VICENTE PIRES,ACESSIBILIDADE
VECENTE PIRES,VICENTE PIRES,CONSERVAÇÃO E MANUTENÇÃO DE VIAS PÚBLICAS
VECENTE PIRES,VICENTE PIRES,ILUMINAÇÃO PÚBLICA
VECENTE PIRES,VICENTE PIRES,LIMPEZA URBANA
VECENTE PIRES,VICENTE PIRES,SINALIZAÇÃO URBANA (PLACAS e ETC)
VECENTE PIRES,VICENTE PIRES,TRANSPORTE PÚBLICO
VECENTE PIRES,VICENTE PIRES,SAÚDE
VECENTE PIRES,VICENTE PIRES,SEGURANÇA
VECENTE PIRES,VICENTE PIRES,OUTROS
26 DE SETEMBRO,26 DE SETEMBRO,EDUCAÇÃO
26 DE SETEMBRO,26 DE SETEMBRO,CRECHE
26 DE SETEMBRO,26 DE SETEMBRO,ACESSIBILIDADE
26 DE SETEMBRO,26 DE SETEMBRO,CONSERVAÇÃO E MANUTENÇÃO DE VIAS PÚBLICAS
26 DE SETEMBRO,26 DE SETEMBRO,ILUMINAÇÃO PÚBLICA
26 DE SETEMBRO,26 DE SETEMBRO,LIMPEZA URBANA
26 DE SETEMBRO,26 DE SETEMBRO,SINALIZAÇÃO URBANA (PLACAS e ETC)
26 DE SETEMBRO,26 DE SETEMBRO,TRANSPORTE PÚBLICO
26 DE SETEMBRO,26 DE SETEMBRO,SAÚDE
26 DE SETEMBRO,26 DE SETEMBRO,SEGURANÇA
26 DE SETEMBRO,26 DE SETEMBRO,OUTROS
26 DE SETEMBRO,26 DE SETEMBRO,EDUCAÇÃO
26 DE SETEMBRO,26 DE SETEMBRO,CRECHE
26 DE SETEMBRO,26 DE SETEMBRO,CONSERVAÇÃO E MANUTENÇÃO DE VIAS PÚBLICAS
26 DE SETEMBRO,26 DE SETEMBRO,ILUMINAÇÃO PÚBLICA
26 DE SETEMBRO,26 DE SETEMBRO,LIMPEZA URBANA
26 DE SETEMBRO,26 DE SETEMBRO,SINALIZAÇÃO URBANA (PLACAS e ETC)
26 DE SETEMBRO,26 DE SETEMBRO,TRANSPORTE PÚBLICO
26 DE SETEMBRO,26 DE SETEMBRO,SAÚDE
26 DE SETEMBRO,26 DE SETEMBRO,SEGURANÇA
26 DE SETEMBRO,26 DE SETEMBRO,EDUCAÇÃO
26 DE SETEMBRO,26 DE SETEMBRO,CRECHE
26 DE SETEMBRO,26 DE SETEMBRO,ACESSIBILIDADE
26 DE SETEMBRO,26 DE SETEMBRO,CONSERVAÇÃO E MANUTENÇÃO DE VIAS PÚBLICAS
26 DE SETEMBRO,26 DE SETEMBRO,ILUMINAÇÃO PÚBLICA
26 DE SETEMBRO,26 DE SETEMBRO,LIMPEZA URBANA
26 DE SETEMBRO,26 DE SETEMBRO,SINALIZAÇÃO URBANA (PLACAS e ETC)
26 DE SETEMBRO,26 DE SETEMBRO,TRANSPORTE PÚBLICO
26 DE SETEMBRO,26 DE SETEMBRO,SAÚDE
26 DE SETEMBRO,26 DE SETEMBRO,SEGURANÇA
26 DE SETEMBRO,26 DE SETEMBRO,OUTROS
26 DE SETEMBRO,26 DE SETEMBRO,CRECHE
26 DE SETEMBRO,26 DE SETEMBRO,ACESSIBILIDADE
26 DE SETEMBRO,26 DE SETEMBRO,CONSERVAÇÃO E MANUTENÇÃO DE VIAS PÚBLICAS
26 DE SETEMBRO,26 DE SETEMBRO,ILUMINAÇÃO PÚBLICA
26 DE SETEMBRO,26 DE SETEMBRO,LIMPEZA URBANA
26 DE SETEMBRO,26 DE SETEMBRO,SINALIZAÇÃO URBANA (PLACAS e ETC)
26 DE SETEMBRO,26 DE SETEMBRO,TRANSPORTE PÚBLICO
26 DE SETEMBRO,26 DE SETEMBRO,SAÚDE
26 DE SETEMBRO,26 DE SETEMBRO,SEGURANÇA
26 DE SETEMBRO,26 DE SETEMBRO,OUTROS
26 DE SETEMBRO,26 DE SETEMBRO,OUTROS
26 DE SETEMBRO,26 DE SETEMBRO,EDUCAÇÃO
26 DE SETEMBRO,26 DE SETEMBRO,CRECHE
26 DE SETEMBRO,26 DE SETEMBRO,ACESSIBILIDADE
26 DE SETEMBRO,26 DE SETEMBRO,CONSERVAÇÃO E MANUTENÇÃO DE VIAS PÚBLICAS
26 DE SETEMBRO,26 DE SETEMBRO,ILUMINAÇÃO PÚBLICA
26 DE SETEMBRO,26 DE SETEMBRO,LIMPEZA URBANA
26 DE SETEMBRO,26 DE SETEMBRO,SINALIZAÇÃO URBANA (PLACAS e ETC)
26 DE SETEMBRO,26 DE SETEMBRO,TRANSPORTE PÚBLICO
26 DE SETEMBRO,26 DE SETEMBRO,SAÚDE
26 DE SETEMBRO,26 DE SETEMBRO,SEGURANÇA
26 DE SETEMBRO,26 DE SETEMBRO,ACESSIBILIDADE
26 DE SETEMBRO,26 DE SETEMBRO,ILUMINAÇÃO PÚBLICA
26 DE SETEMBRO,26 DE SETEMBRO,OUTROS
26 DE SETEMBRO,26 DE SETEMBRO,OUTROS
26 DE SETEMBRO,26 DE SETEMBRO,OUTROS
26 DE SETEMBRO,26 DE SETEMBRO,EDUCAÇÃO
26 DE SETEMBRO,26 DE SETEMBRO,CRECHE
26 DE SETEMBRO,26 DE SETEMBRO,ACESSIBILIDADE
26 DE SETEMBRO,26 DE SETEMBRO,CONSERVAÇÃO E MANUTENÇÃO DE VIAS PÚBLICAS
26 DE SETEMBRO,26 DE SETEMBRO,ILUMINAÇÃO PÚBLICA
26 DE SETEMBRO,26 DE SETEMBRO,LIMPEZA URBANA
26 DE SETEMBRO,26 DE SETEMBRO,SINALIZAÇÃO URBANA (PLACAS e ETC)
26 DE SETEMBRO,26 DE SETEMBRO,TRANSPORTE PÚBLICO
26 DE SETEMBRO,26 DE SETEMBRO,SAÚDE
26 DE SETEMBRO,26 DE SETEMBRO,SEGURANÇA
ESTRUTURAL,ESTRUTURAL,SAÚDE
ESTRUTURAL,ESTRUTURAL,OUTROS
ESTRUTURAL,ESTRUTURAL,OUTROS
ESTRUTURAL,ESTRUTURAL,OUTROS
ESTRUTURAL,ESTRUTURAL,SAÚDE
ESTRUTURAL,ESTRUTURAL,SEGURANÇA
ESTRUTURAL,27 DE SETEMBRO,LIMPEZA URBANA
ESTRUTURAL,27 DE SETEMBRO,TRANSPORTE PÚBLICO
ESTRUTURAL,27 DE SETEMBRO,SEGURANÇA
ESTRUTURAL,27 DE SETEMBRO,OUTROS
ESTRUTURAL,ESTRUTURAL,CONSERVAÇÃO E MANUTENÇÃO DE VIAS PÚBLICAS
ESTRUTURAL,ESTRUTURAL,ILUMINAÇÃO PÚBLICA
ESTRUTURAL,ESTRUTURAL,OUTROS
ESTRUTURAL,TAGUATINGA,SAÚDE
ESTRUTURAL,TAGUATINGA,OUTROS
ESTRUTURAL,ESTRUTURAL,SAÚDE
ESTRUTURAL,ESTRUTURAL,OUTROS
ESTRUTURAL,ESTRUTURAL,OUTROS
ESTRUTURAL,26 DE SETEMBRO,ACESSIBILIDADE
ESTRUTURAL,26 DE SETEMBRO,LIMPEZA URBANA
ESTRUTURAL,26 DE SETEMBRO,SEGURANÇA
ESTRUTURAL,26 DE SETEMBRO,OUTROS
ESTRUTURAL,TAGUATINGA,SINALIZAÇÃO URBANA (PLACAS e ETC)
ESTRUTURAL,TAGUATINGA,SAÚDE
ESTRUTURAL,TAGUATINGA,SEGURANÇA
ESTRUTURAL,ESTRUTURAL,SAÚDE
ESTRUTURAL,ESTRUTURAL,OUTROS
ESTRUTURAL,ESTRUTURAL,OUTROS
ESTRUTURAL,ESTRUTURAL,SAÚDE
ESTRUTURAL,ESTRUTURAL,SEGURANÇA
ESTRUTURAL,ESTRUTURAL,SAÚDE
ESTRUTURAL,ESTRUTURAL,OUTROS
ESTRUTURAL,ESTRUTURAL,OUTROS
ESTRUTURAL,ESTRUTURAL,SAÚDE
ESTRUTURAL,ESTRUTURAL,LIMPEZA URBANA
ESTRUTURAL,ESTRUTURAL,SAÚDE
ESTRUTURAL,ESTRUTURAL,SEGURANÇA
ESTRUTURAL,ESTRUTURAL,OUTROS
ESTRUTURAL,ESTRUTURAL,CRECHE
ESTRUTURAL,ESTRUTURAL,SEGURANÇA
ESTRUTURAL,ESTRUTURAL,EDUCAÇÃO
ESTRUTURAL,ESTRUTURAL,SAÚDE
ESTRUTURAL,SETOR LESTE,CONSERVAÇÃO E MANUTENÇÃO DE VIAS PÚBLICAS
ESTRUTURAL,SETOR LESTE,LIMPEZA URBANA
ESTRUTURAL,SETOR LESTE,TRANSPORTE PÚBLICO
ESTRUTURAL,SETOR LESTE,SAÚDE
ESTRUTURAL,SETOR LESTE,SEGURANÇA
ESTRUTURAL,SETOR LESTE,OUTROS
SETOR LESTE,SETOR LESTE,LIMPEZA URBANA
SETOR LESTE,SETOR LESTE,SEGURANÇA
SETOR LESTE,SETOR LESTE,OUTROS
SETOR LESTE,ESTRUTURAL,ACESSIBILIDADE
SETOR LESTE,ESTRUTURAL,SEGURANÇA
SETOR LESTE,ESTRUTURAL,OUTROS
ESTRUTURAL,ESTRUTURAL,SAÚDE
ESTRUTURAL,ESTRUTURAL,OUTROS
ESTRUTURAL,ESTRUTURAL,SAÚDE
ESTRUTURAL,ESTRUTURAL,OUTROS
ESTRUTURAL,ESTRUTURAL,OUTROS
ESTRUTURAL,TAGUATINGA,TRANSPORTE PÚBLICO
ESTRUTURAL,TAGUATINGA,SEGURANÇA
ÁGUAS CLARAS,ÁGUAS CLARAS,SEGURANÇA
ÁGUAS CLARAS,ÁGUAS CLARAS,EDUCAÇÃO
ÁGUAS CLARAS,ÁGUAS CLARAS,LIMPEZA URBANA
ÁGUAS CLARAS,ÁGUAS CLARAS,OUTROS
ÁGUAS CLARAS,ÁGUAS CLARAS,OUTROS
ÁGUAS CLARAS,ÁGUAS CLARAS,OUTROS
PONTE ALTA,ÁGUAS CLARAS,OUTROS
PONTE ALTA,ÁGUAS CLARAS,OUTROS
PONTE ALTA,ÁGUAS CLARAS,OUTROS
PONTE ALTA,ÁGUAS CLARAS,OUTROS
TAGUATINGA,TAGUATINGA,SAÚDE
TAGUATINGA,TAGUATINGA,SEGURANÇA
ÁGUAS CLARAS,ÁGUAS CLARAS,ACESSIBILIDADE
ÁGUAS CLARAS,ÁGUAS CLARAS,TRANSPORTE PÚBLICO
ÁGUAS CLARAS,ÁGUAS CLARAS,ACESSIBILIDADE
ÁGUAS CLARAS,ÁGUAS CLARAS,SEGURANÇA
ÁGUAS CLARAS,ÁGUAS CLARAS,OUTROS
ÁGUAS CLARAS,ÁGUAS CLARAS,OUTROS
ÁGUAS CLARAS,SEM REGISTRO,SEGURANÇA
ÁGUAS CLARAS,SEM REGISTRO,OUTROS
ÁGUAS CLARAS,SEM REGISTRO,OUTROS
ÁGUAS CLARAS,ÁGUAS CLARAS,ACESSIBILIDADE
ÁGUAS CLARAS,ÁGUAS CLARAS,SEGURANÇA
SOL NASCENTE,TAGUATINGA,TRANSPORTE PÚBLICO
SOL NASCENTE,TAGUATINGA,SEGURANÇA
SOL NASCENTE,TAGUATINGA,OUTROS
VICENTE PIRES,ÁGUAS CLARAS,ACESSIBILIDADE
VICENTE PIRES,ÁGUAS CLARAS,OUTROS
VICENTE PIRES,ÁGUAS CLARAS,OUTROS
ÁGUAS CLARAS,ÁGUAS CLARAS,EDUCAÇÃO
ÁGUAS CLARAS,ÁGUAS CLARAS,SAÚDE
ÁGUAS CLARAS,ÁGUAS CLARAS,SAÚDE
ÁGUAS CLARAS,ÁGUAS CLARAS,SEGURANÇA
ÁGUAS CLARAS,ÁGUAS CLARAS,OUTROS
ÁGUAS CLARAS,ÁGUAS CLARAS,EDUCAÇÃO
ÁGUAS CLARAS,ÁGUAS CLARAS,ILUMINAÇÃO PÚBLICA
ÁGUAS CLARAS,ÁGUAS CLARAS,SAÚDE
ÁGUAS CLARAS,ÁGUAS CLARAS,SEGURANÇA
ÁGUAS CLARAS,ÁGUAS CLARAS,EDUCAÇÃO
ÁGUAS CLARAS,ÁGUAS CLARAS,SAÚDE
ÁGUAS CLARAS,ÁGUAS CLARAS,SEGURANÇA
ÁGUAS CLARAS,ÁGUAS CLARAS,EDUCAÇÃO
ÁGUAS CLARAS,ÁGUAS CLARAS,SAÚDE
ÁGUAS CLARAS,ÁGUAS CLARAS,ACESSIBILIDADE
ÁGUAS CLARAS,ÁGUAS CLARAS,SEGURANÇA